narrative_text,potential_accident_level,critical_risk,industry_sector,country,sif_potential,source_dataset,label_source,record_id
"While removing the drill rod of the Jumbo 08 for maintenance, the supervisor proceeds to loosen the support of the intermediate centralizer to facilitate the removal, seeing this the mechanic supports one end on the drill of the equipment to pull with both hands the bar and accelerate the removal from this, at this moment the bar slides from its point of support and tightens the fingers of the mechanic between the drilling bar and the beam of the jumbo.",IV,Pressed,Mining,Country_01,Yes,ihm_stefanini_kaggle_cc0,derived: Potential Accident Level >= IV,ihm_00000
"In the sub-station MILPO located at level +170 when the collaborator was doing the excavation work with a pick (hand tool), hitting a rock with the flat part of the beak, it bounces off hitting the steel tip of the safety shoe and then the metatarsal area of ​​the left foot of the collaborator causing the injury.",III,Manual Tools,Mining,Country_01,No,ihm_stefanini_kaggle_cc0,derived: Potential Accident Level >= IV,ihm_00002
"Approximately at 11:45 a.m. in circumstances that the mechanics Anthony (group leader), Eduardo and Eric Fernández-injured-the three of the Company IMPROMEC, performed the removal of the pulley of the motor of the pump 3015 in the ZAF of Marcy. 27 cm / Length: 33 cm / Weight: 70 kg), as it was locked proceed to heating the pulley to loosen it, it comes out and falls from a distance of 1.06 meters high and hits the instep of the right foot of the worker, causing the injury described.",IV,Others,Mining,Country_01,Yes,ihm_stefanini_kaggle_cc0,derived: Potential Accident Level >= IV,ihm_00004
"The collaborator reports that he was on street 09 holding in his left hand the volumetric balloon, when he slipped and when placing his hand on the ground the volumetric balloon ended up breaking caused a small wound in his left hand.",III,Fall prevention (same level),Metals,Country_02,No,ihm_stefanini_kaggle_cc0,derived: Potential Accident Level >= IV,ihm_00006
"At approximately 04:50 p.m., when the mechanic technician José of the Tecnomin verified the transmission belts of the HM-100 pump at the Acid plant, he proceeded to turn the pulley manually; unexpectedly at that instant the electrician supervisor Miguel of the EKA Mining grabs the transmission belts to verify their tension, at which point the finger traps.",III,Pressed,Mining,Country_01,No,ihm_stefanini_kaggle_cc0,derived: Potential Accident Level >= IV,ihm_00007
"Employee was sitting in the resting area at level 326 (raise bore), when he suffered sudden illness, falling and suffering excoriation on the face.",IV,Others,Mining,Country_02,Yes,ihm_stefanini_kaggle_cc0,derived: Potential Accident Level >= IV,ihm_00008
"At the moment the forklift operator went to manipulate big bag of bioxide in section 70 and just in front of the ladder that leads to the area of ​​manual displacement, he splashed spent at the height of his forehead from a fissure in pipe G -069, subsequently spilling to his left eye. The collaborator went to the nearby eyewash for cleaning and immediately to the medical center.",II,Chemical substances,Metals,Country_01,No,ihm_stefanini_kaggle_cc0,derived: Potential Accident Level >= IV,ihm_00009
"While installing a segment of the polyurethane pulley protective lyner - 60x4x5cm weighing 1.2 kg - on the head pulley of the ore winch, when the pulley is rotated to compress the lyner inside the channel, it falls from its housing 1.50 m rubbing the right side of the worker's hip, generating the injury described.",III,Others,Mining,Country_01,No,ihm_stefanini_kaggle_cc0,derived: Potential Accident Level >= IV,ihm_00010
"While preparing the rice for the lunch of the day, when moving the pot # 60 - 35 Kg of weight including the contents - to evacuate the residual water of the cooking of the rice, when positioning the pot on a jaba it tilts backwards spilling some 200 ml of hot water on the cook's leg. The cook immediately after the event applies first aid, pouring cold water on the area of ​​the injury and go to the medical post for evaluation.",IV,Others,Mining,Country_01,Yes,ihm_stefanini_kaggle_cc0,derived: Potential Accident Level >= IV,ihm_00011
The collaborator reports that he was working in the Ustulación and realized that the cyclone duct was obstructed and opened the door to try to unclog the same and the material detached and projected towards the employee causing small burn in the right heel.,I,Liquid Metal,Metals,Country_02,No,ihm_stefanini_kaggle_cc0,derived: Potential Accident Level >= IV,ihm_00012
"At Rp 050 of level 1620, in circumstances where the workers of the company were performing the task of diamond drilling, the assistants Jhonatan (injured) and Nilton were preparing to increase the HQ perforation pipe located on the scaffolding, Mr. Jhonatan lifts one end of the tube and supports it on the pulley of the equipment frame, the other end being on the working scaffolding, at the moment that Mr. Nilton lifts the end of the HQ pipe that is in the scaffolding to position in the frame, the upper part of the pipe comes out of the pulley falling and striking the right hand of the worker jhonatan against bolts that has the lateral part of the same frame causing the injury described.",IV,Others,Mining,Country_01,Yes,ihm_stefanini_kaggle_cc0,derived: Potential Accident Level >= IV,ihm_00016
"An auxiliary wheel of the cathode crane G2133 was changed in area 75, when when a bearing was heated and hit with a hammer and chisel at one end of the bearing track, a detachment of a bearing piece occurred, impacting it in the thigh of the right leg producing a cut. The ambulance is called and you are transferred to the clinic.",II,Others,Metals,Country_01,No,ihm_stefanini_kaggle_cc0,derived: Potential Accident Level >= IV,ihm_00018
"The worker Manuel was making the disconnection of the power cables of the gate that is at the intersection of Manco streets with Cajamarquilla in order to remove it. In circumstances that Mr. José worker of the company ITS, was removing the rope tied in the body of the gate, this yields and falls pulling the warning post which hits the helmet of Mr. who He was standing at his side.",III,Others,Metals,Country_01,No,ihm_stefanini_kaggle_cc0,derived: Potential Accident Level >= IV,ihm_00019
"While aligning the right bracket of tower N ° 32, when releasing the tension applied by the tirford of 1.5 Tn, when pushing the lever towards the tension release point, it returns by mechanical effect overcoming the resistance of the lineman operator and reshaping the the hands of the assistant beating the assistant in the frontal region.",IV,Others,Mining,Country_01,Yes,ihm_stefanini_kaggle_cc0,derived: Potential Accident Level >= IV,ihm_00022
"By loosening the A30-29 truck's steering cylinder bolt using power cable and socket, with the force exerted in favor of the equipment, the bolt suddenly retired and the employee hit his hand against the structure of the equipment, causing injury.",II,Others,Mining,Country_02,No,ihm_stefanini_kaggle_cc0,derived: Potential Accident Level >= IV,ihm_00023
"At the end of lunch in an enabled place on the side of the winche control room. He gets up and after a short walk he slips and sits with the floor and making contact with the left knee and not taking importance in the rest of the guard, when the guard is finished, he goes to safety and communicates the fact, for which reason it is derived Natclar, for your attention.",I,Others,Mining,Country_01,No,ihm_stefanini_kaggle_cc0,derived: Potential Accident Level >= IV,ihm_00026
"At the end of the rock break at the intersection of the ramp -1055 and the opening of the access to the ventilation chimney, the master loader identifies rocks on the mesh proceeding to unload them, at the end he decides to verify if there are still remains by positioning himself under the line of fire, at which time a fragment of rock falls - 5x4x3cm .; 180 gr - between the cocada mesh impacting between the lens and the helmet causing the injury.",III,Others,Mining,Country_01,No,ihm_stefanini_kaggle_cc0,derived: Potential Accident Level >= IV,ihm_00027
"The worker carried out his work at level 2940, stop 896; and placed metal mesh on the basket (SOIL HALF) of the Scissor the mesh falls and hits the back of his right hand.",IV,Others,Mining,Country_01,Yes,ihm_stefanini_kaggle_cc0,derived: Potential Accident Level >= IV,ihm_00028
When using the griff wrench to unscrew the rod from the probe the key came to move by pressing the employee's finger against the probe.,III,Others,Mining,Country_02,No,ihm_stefanini_kaggle_cc0,derived: Potential Accident Level >= IV,ihm_00029
"When the plant operator was semi-kneeling when lifting the lid or gate (15 kg) of the distributor box of the secondary mill No. 4 and No. 5, his right knee slips due to the presence of debris spilled on the platform or floor (Grating) - which gave him an extra effort in his left leg, generating a muscle contracture.",II,Others,Mining,Country_01,No,ihm_stefanini_kaggle_cc0,derived: Potential Accident Level >= IV,ihm_00030
The employee was clearing the pipe when he tapped his right thumb against the flange causing little trauma.,II,Others,Metals,Country_02,No,ihm_stefanini_kaggle_cc0,derived: Potential Accident Level >= IV,ihm_00034
"When replacing the telescopic expansion joint of the HDPE pipe of the storm drainage pumping system, it reports that the piece involuntarily moved when it was positioned in the holder, pressing its finger against the holder, causing a wound 1 right chemo.",III,Pressed,Metals,Country_02,No,ihm_stefanini_kaggle_cc0,derived: Potential Accident Level >= IV,ihm_00035
"During the withdrawal the Kelly bar (conductive bar of 45 Kg, 1.5 m of length and 10 cm of diameter) of the equipment of perforation on the part of two workers, one of them is positioned in the low part to tie the bar and the injured one is position in the upper part to hold the bar, when positioning the bar on the platform they lose control of the bar moving 5 cm with the 2nd finger of the right hand against the pulleys of the frame. At the time of the accident, the worker was wearing safety gloves and the drill rig was blocked.",IV,Others,Mining,Country_01,Yes,ihm_stefanini_kaggle_cc0,derived: Potential Accident Level >= IV,ihm_00036
"At a time when two assistants were carrying a bag of cement weighing 42.5 kg to the lamp of the loader - suspended about 10 cm from the floor, the left foot of one of the assistants slid and hit the edge of the baton.",III,Others,Mining,Country_01,No,ihm_stefanini_kaggle_cc0,derived: Potential Accident Level >= IV,ihm_00044
"The operator cleaned with spatula spear through one of the windows of the boiler, at that time by force action hit the window frame, causing injury to the little finger of the left hand, the operator had all EPP for boiler cleaning.",III,Manual Tools,Metals,Country_01,No,ihm_stefanini_kaggle_cc0,derived: Potential Accident Level >= IV,ihm_00045
"The locomotive No. 15 operated by MAPERU personnel, was directed with 10 wagons loaded with ore from the OP4 to the waste bin. Next to the waste bin, the patrol car (which goes on the back of the wagons) the moment it passed over a change of track, the left rear wheel of the patrol car leaves the rail advancing the locomotive leaving the patrol car tilted more ahead. The assistant motorist who traveled alone in the patrol car remained inside the structure and suffered minor bruises.",IV,Others,Mining,Country_01,Yes,ihm_stefanini_kaggle_cc0,derived: Potential Accident Level >= IV,ihm_00046
"At a time when a worker and another partner were preparing to move an oil cylinder (55 gallons) on a mobile platform mounted on rails (platform weighing approximately 200 kg) it is derailed (leaves the rail). In order to place the platform on the rail, both workers lift the platform and in those instants the right hand of one of them is trapped between the rail and the platform structure where it was held (metallic tube protruding from the platform). This accident caused a bruised wound on the index finger of the right hand, there was no fracture. At the time of the accident they both wore leather-type safety gloves.",IV,Others,Mining,Country_01,Yes,ihm_stefanini_kaggle_cc0,derived: Potential Accident Level >= IV,ihm_00048
"In circumstances that two workers of the company INCIMMET made the loading of explosives using an equipment anfoloader, in a front of the work - sustained with shotcreterepentinamente of the right superior part of the crown, a piece of rock of approx. 9. kg, (0.2mx0.15mx0.10m), impacting on the basket and on the back of the helper who was in the basket suspended at 2.2 m height, moments later a block of rock is detached from the wall of the gable approx. 1,500 kg. (1.20mx1.10mx0.40m), which impacts the ampoloader team and part of this block injures the operator of the ampoloader team who was standing on the ground. The equipment anfoloader has a cabin with protection ROPs and FOPs, at the time of the accident both workers used helmets and safety boots. Both suffered polyontusions and minor scoria injuries.",V,Others,Mining,Country_01,Yes,ihm_stefanini_kaggle_cc0,derived: Potential Accident Level >= IV,ihm_00050
"The mechanic assistant after throwing the wooden blocks of support of the stabilizer of the Hiab crane truck to the ground, when descending from the truck by the access ladder when arriving at the last step jumps towards the ground - height of 69cm - treading the edge of one of The wooden blocks cause an injury to the left ankle.",IV,Others,Mining,Country_01,Yes,ihm_stefanini_kaggle_cc0,derived: Potential Accident Level >= IV,ihm_00052
"By manually moving a steel cabinet for disposal with the help of another employee, the operator had his finger pressed down between the wall and the cabinet causing injury.",IV,Others,Mining,Country_02,Yes,ihm_stefanini_kaggle_cc0,derived: Potential Accident Level >= IV,ihm_00053
"During the discharge of waste, the operator proceeds to remove a bag that was under the hose rolled, in this circumstance one of the ends of the hose moves in the direction of the face of the driver, projecting the liquid contained in it and impacting it on the ear and part of the face.",III,Chemical substances,Metals,Country_01,No,ihm_stefanini_kaggle_cc0,derived: Potential Accident Level >= IV,ihm_00054
"At the end of the loading of explosives on the work front, the master loader enters to verify the mooring of the blasting accessories, when retiring from the top (1.5 m), he hears the sound of fragments of rock rolling through the support mesh, directs its gaze towards the crown in a vertical form, at which point a small fragment of rock (2x3x2cm; 36gr) passes through the openings of the mesh. sustaining impact on the forehead. At the time of the event the collaborator used his helmet and safety lens and the front was with support to the top and sacrifice mesh. The opening of the support mesh is 3 ""x 3"".",II,Others,Mining,Country_01,No,ihm_stefanini_kaggle_cc0,derived: Potential Accident Level >= IV,ihm_00058
"Approximately at 11:50 a.m. in circumstances that the Messrs. of the truck crane) and William de la Cruz culminated the shipment of 03 blocks of metal plates with an approximate weight of 1800 Kg. Mr. William de the Cross (rigger) climbs onto the truck to remove the sling, places both feet under the stretcher that supported the metal plates. At that moment the central part of the stretcher is broken, as a result of which the two feet are imprisoned producing the injury.",IV,Others,Mining,Country_01,Yes,ihm_stefanini_kaggle_cc0,derived: Potential Accident Level >= IV,ihm_00060
The employee checked for acid leakage in the shipping area when he was hit by splashes of solution in his right hemiface.,IV,Chemical substances,Metals,Country_02,Yes,ihm_stefanini_kaggle_cc0,derived: Potential Accident Level >= IV,ihm_00062
"The employee was clearing the liquid zinc pump from oven 04, when he stepped on the platform and became unbalanced with a twist in his left foot.",IV,Fall prevention (same level),Metals,Country_02,Yes,ihm_stefanini_kaggle_cc0,derived: Potential Accident Level >= IV,ihm_00063
"The employee was transiting toward the cadmium factory, near tank 1440 on copper sulphate, when acid solution spilled in his direction, reaching his legs causing minor burns.",IV,Chemical substances,Metals,Country_02,Yes,ihm_stefanini_kaggle_cc0,derived: Potential Accident Level >= IV,ihm_00064
"In circumstances that a dump truck laden with ore entered to unload backwards in a curve in the upper part of via La Laquia, the operator did not notice the unevenness in the road (approximately one meter) approaching the edge and overturning the truck on its right side. The operator traveled alone in the truck and made use of the safety belt, helmet and glasses at the time of the accident. During the unloading process, there were two squares that were 25 m from the accident site. The test of alcohotest to the operator was negative.",IV,Others,Mining,Country_01,Yes,ihm_stefanini_kaggle_cc0,derived: Potential Accident Level >= IV,ihm_00067
"Being approximately 5:45 pm. On the level. 1710 Cx 018 BP 745, in circumstances that the workers of the company Rock performed the anchorage of the central pin for the anchoring of the drilling machine Diamantina XRD -30 (bob Cat) the assistant Cristian (injured) made the adjustment of the nut of the central bolt with the stilson key No. 18 Simultaneously Jose from the control panel made the movement of the rotation unit for the positioning of the clamp pin, at that moment the frame is slid by pressing the thumb of the assistant's left hand against the stilson key, causing the described injury, due to the lack of securing the frame fixing bolts.",IV,Others,Mining,Country_01,Yes,ihm_stefanini_kaggle_cc0,derived: Potential Accident Level >= IV,ihm_00068
"After having carried out the mechanized support with the Scissor # 200, the heavy equipment operator picks up the water supply hose towards the drum of the equipment and, while He was heading towards the cabin of the Scissor on the way on a piece of rock - 10 cm high approx. - which displaces by sliding his right foot causing the injury described.",III,Others,Mining,Country_01,No,ihm_stefanini_kaggle_cc0,derived: Potential Accident Level >= IV,ihm_00069
Being approximately 14:25 h when supervising the line clamping of the POM D071 Roy Canario returning to the thickener D1304 hits his nose with the metal chute out of operation.,III,Others,Metals,Country_01,No,ihm_stefanini_kaggle_cc0,derived: Potential Accident Level >= IV,ihm_00070
"The employee, performing the truck's unloading operation, an iron bundle pressed his right finger and injured his left arm.",III,Pressed,Metals,Country_02,No,ihm_stefanini_kaggle_cc0,derived: Potential Accident Level >= IV,ihm_00071
"After loading two blown holes from the previous blasting with the use of a telescopic ladder, the master loader pulls the ladder detaching from the upper support point, about 3 mt. of height, a fragment of rock - 3cm x 3cm x 2 cm; 54 gr - which is projected by the right end of the ladder hitting the master loader on the cheekbone and upper lip producing the lesion described. The master shipper used his safety glasses.",III,Others,Mining,Country_01,No,ihm_stefanini_kaggle_cc0,derived: Potential Accident Level >= IV,ihm_00072
"Parking the equipment Dumper ° 18 in the maintenance workshop, the mechanic asks the operator to back off the equipment for washing, then the operator starts the reverse gear with the cab door fully open, upon reaching the washing area (8 meters behind), brakes and the cabin door closes untimely and hits your face, causing a minor injury. In the area was the mechanic at floor level in a safe place.",III,Others,Mining,Country_01,No,ihm_stefanini_kaggle_cc0,derived: Potential Accident Level >= IV,ihm_00074
"In circumstances that two workers of the Abratech company were doing putty work inside the conditioning tank (5 meters deep and covered by platforms) of metal gratings - grating- in the upper part), two other employees of the HyT company carried out maneuvers transfer of a pump with the help of a manual tick - which worked hooked to a beam H, dragging the pump on the metal gratings (grating), suddenly the pump is hooked with a metal grate (grating) and when trying to release it, the metal grid (grating - 13.0 Kg. (60 cm x 92 cm)) falls inside the tank, hits a diagonal channel inside the tank and then impacts the right arm of one of the workers and rubs the helmet of the second worker that he was crouching. The area where the bomb was being moved was marked with tape and did not have a lookout.",V,Others,Mining,Country_01,Yes,ihm_stefanini_kaggle_cc0,derived: Potential Accident Level >= IV,ihm_00075
"When performing the sleeve removal maneuver, when the hole was 600 meters deep, General da Silva pressed only one side of the locking nut of the rods, which together with the jack, holds the entire weight of the rods in the maneuver. As the locking procedure was not effective, the weight of the rods was only secured by the steel wire rope of the probe winch. At the moment that driller Pedro released the brake of the winch, the inefficacy of the locking done only in one side of the chestnut and without aid of the monkey, caused the sliding of the rods. Auxiliary was prepared for manual unlocking of the rods, holding the faucet key firmly against the probe tower as the composition shifted. As the stems slid, his hands were shifted downward, causing his left hand to strike against the base of the probe tower structure, causing cuts to the 4th and 5th Quirodactyl. employee was taken to the hospital where he went through medical care. wound was sutured with 16 stitches. same was removed for 10 days from his activities.",IV,Poll,Others,Country_03,Yes,ihm_stefanini_kaggle_cc0,derived: Potential Accident Level >= IV,ihm_00077
"During the trip to the vehicle, at the end of the work, the collaborator Rhainer stepped on an object that he could not identify, thus coming to pierce the sole of the boot and causing a small hole in the sole of the left foot of the collaborator. The perforation was possibly due to a stump of wood, since the area covered by the collaborator, was a pasture grazed recently and near a residence.",I,Others,Others,Country_03,No,ihm_stefanini_kaggle_cc0,derived: Potential Accident Level >= IV,ihm_00078
"The worker carried out the disassembly of 03 scaffolding bodies in the pulpomatic of the thickener D2251. the dismantling of the base of the scaffold, located approximately one meter high from the floor of the sump, the rivets of the anchor support of the platform were broken, causing the fall of the worker and impacting the right knee with the support that I am anchored in one of the horizontals of the scaffolding structure.",III,Fall prevention (same level),Metals,Country_01,No,ihm_stefanini_kaggle_cc0,derived: Potential Accident Level >= IV,ihm_00081
Employee reports that when handling the air conditioning pressed the 2nd right chirodactilo causing a contusion.,III,Pressed,Metals,Country_02,No,ihm_stefanini_kaggle_cc0,derived: Potential Accident Level >= IV,ihm_00082
"Once the RB machine is lifted (weight 7 tn) at 15 cm from the floor level, the accidently proceeds to pull the RB machine with a key of 5 tons (maximum cap), to lay it on the floor, after advancing 70 cm horizontally, the anchor bolt (pig tail type, 5/8 ""diameter) to which the key was hooked, it breaks transversely, and with the pulling force, this key is projected onto the injured person's left shoulder causing the injury. - The injured was 1.50 meters from the key. - At the time of the incident, the assistant was 5 meters away doing order and cleaning",IV,Others,Mining,Country_01,Yes,ihm_stefanini_kaggle_cc0,derived: Potential Accident Level >= IV,ihm_00085
"When positioning the scissor bolter N ° 09 in the East of stope 175 (40 meters from the top), the operator and his assistant verify that the ventilation sleeve will obstruct the support of the left gable, so they decide to section the sleeve and direct it towards the main corridor; the injured person decides to climb to the roof of the equipment cabin (surface: 1.5 square meters) to carry out the reinstallation of the sectioned sleeve and, without noticing, he steps on empty and falls from the equipment from a height of 2.50 meters. At the time of the accident, the operator was on the scissor bolter platform, the equipment was positioned and blocked to perform the maintenance and the assistant was wearing a safety helmet and chin strap.",IV,Others,Mining,Country_01,Yes,ihm_stefanini_kaggle_cc0,derived: Potential Accident Level >= IV,ihm_00086
"In moments that the worker-mechanic was the workshop of maintenance, the wire of his mining lamp is hooked with a drill hole (4.0 Kg) that was on the work table of the workshop, which fell 1.m and impacted his left foot causing a minor bruise. At the time of the accident the collaborator used his safety boots with steel toecap.",III,Others,Mining,Country_01,No,ihm_stefanini_kaggle_cc0,derived: Potential Accident Level >= IV,ihm_00090
"In general store, while two store attendants removed the compartment a rubber mesh for material classification - 1.8 m.x1.2 m.x0.02 m .; 60 kg of weight - when lifted approx. 40 cm to position it against the edge of another mesh placed on the floor on a litter, this slightly imprisons the index finger of the right hand of one of the assistants causing a minor cutting wound. At the time of the accident the injured worker used leather gloves.",II,Others,Mining,Country_01,No,ihm_stefanini_kaggle_cc0,derived: Potential Accident Level >= IV,ihm_00091
"When performing cleaning with LHD in block F 9970 at level 420, the operator was surprised by a rock block displacement of the side of the gallery, reaching his right leg causing him superficial injury",V,Others,Mining,Country_02,Yes,ihm_stefanini_kaggle_cc0,derived: Potential Accident Level >= IV,ihm_00094
"the workshop at the end of the welding work in the small bolter equipment, the welder proceeds to clean the inside of a metal stool, impregnated with thinner (flammable liquid) and with the help of a hammer and screwdriver proceeds to remove the oxides, when hitting The screwdriver with the hammer produces a flash in the internal base of the stool, which produces a slight burn in the right hand of the welder. - At the time of the accident, the welder only uses a glove on the left hand ..",II,Others,Mining,Country_01,No,ihm_stefanini_kaggle_cc0,derived: Potential Accident Level >= IV,ihm_00095
The employee reports that he placed the air lance in the tank 1604 and then opened the manual air valve and projection of acid solution heated toward him reaching the front of the left thigh.,IV,Pressurized Systems / Chemical Substances,Metals,Country_02,Yes,ihm_stefanini_kaggle_cc0,derived: Potential Accident Level >= IV,ihm_00097
"Mr. Jesus operator of the concrete throwing team (alpha N ° 18) was shooting shotcrete in the Cx work. 001 Nv. 1710 OB1. applying 0.5 m3, he realizes that the additive did not come out in the mix, directing to lift the cover of the passage valve (54 Cm x 53 Cm of ¼ inch of thickness approximately 15 Kg). verifying that the valve was open, release the lid and it hits to the third finger of the left hand against the base, causing the injury.",IV,Others,Mining,Country_01,Yes,ihm_stefanini_kaggle_cc0,derived: Potential Accident Level >= IV,ihm_00100
"The employee performed the return of the load at the entrance of the debarking machine, while trying to align a cathode was pressed in his right hand.",IV,Pressed,Metals,Country_02,Yes,ihm_stefanini_kaggle_cc0,derived: Potential Accident Level >= IV,ihm_00101
"The injured worker begins the work of presenting the support mesh cloth on the floor, making an initial cut in the mesh of a section of 0.3 m x 2.0 m for the ponchos, originating in the remaining mesh wicks (tips with prongs) protruding. When trying to make a second mesh cut, it is positioned at the edge of the remaining mesh with wicks to prevent them from curling, at which point it tries take your shear and remove the right foot of the mesh causing the mesh to roll up and embed a wick (tip with poles) through the left boot causing the injury. At the time of the accident the worker was wearing safety boots.",II,Others,Mining,Country_01,No,ihm_stefanini_kaggle_cc0,derived: Potential Accident Level >= IV,ihm_00102
"When conducting inspection to evaluate activity to be carried out in the pump house of the Ustulation steam station, it was hit by sulfuric acid spills from a line located above the pump house of the thermal recovery boiler.",III,Chemical substances,Metals,Country_02,No,ihm_stefanini_kaggle_cc0,derived: Potential Accident Level >= IV,ihm_00109
"When conducting inspection to evaluate activity to be carried out in the pump house of the Ustulation steam station, it was struck by sulfuric acid spills from a line located above the house of thermal recovery boiler pumps.",III,Chemical substances,Metals,Country_02,No,ihm_stefanini_kaggle_cc0,derived: Potential Accident Level >= IV,ihm_00110
"The employee was sanding a piece in the Electrolysis at the end of the operation, when the protective cap of the disk spun to the back of the left hand.",III,Manual Tools,Metals,Country_02,No,ihm_stefanini_kaggle_cc0,derived: Potential Accident Level >= IV,ihm_00111
"On Sunday, 15, the collaborator goes to the medical center saying that he had an accident 3 days ago when he performed internal maintenance work on the heat exchangers, defined as a confined space and at risk of burning with acid. When leaving the confined space, the employee removes the protective gloves without having passed through the emergency shower; At that moment, skin contact occurs with sulfates, generating the lesion.",II,Chemical substances,Metals,Country_01,No,ihm_stefanini_kaggle_cc0,derived: Potential Accident Level >= IV,ihm_00114
"In moments that the truck of transport of personnel of the company MCEISA plate AJG-751, moved from the Nv 3300 to surface, missing 50m to reach the mouth of the Nv 3900, the gearbox does not respond so the driver stops the truck to inspect it along with maintenance personnel who At that time I was traveling in the truck. They raise the cabin to manually put the change in first and continue the trip, culminated this task the driver with the support of the maintenance personnel lower the cabin which due to the weight falls hitting the driver between the cabin and the hopper of the truck. At the time of the accident the employee was wearing his safety helmet and chin strap.",IV,Others,Mining,Country_01,Yes,ihm_stefanini_kaggle_cc0,derived: Potential Accident Level >= IV,ihm_00115
"After completing the welding work on the backhoe bucket made for 4 hours, during which he used glass moon # 10, the welder feels a slight discomfort in the eyes, so he is transferred to the medical service for evaluation . During the accident the welder used facial mask for welding.",IV,Others,Mining,Country_01,Yes,ihm_stefanini_kaggle_cc0,derived: Potential Accident Level >= IV,ihm_00116
"When an employee of MILPO Lima visited the facilities, when he was at level 2900, waiting for the personnel cage to go up to level 4070, drops of water fall from the ceiling from a height of 2.20 meters approximately, product of a slight filtration in the crown (sustained with shotcrete), a drop enters the right eye causing discomfort in the right eye. According to the employee, at the time of the accident the lenses had been removed to clean them, this happened after the visit to the interior of the mine.",II,Others,Others,Country_01,No,ihm_stefanini_kaggle_cc0,derived: Potential Accident Level >= IV,ihm_00117
"The employee was performing carbon steel pipe marking activity when his helmet was struck by a tube, causing a scalp wound due to the impact of the helmet's sheepskin.",III,Others,Metals,Country_02,No,ihm_stefanini_kaggle_cc0,derived: Potential Accident Level >= IV,ihm_00119
"In circumstances that the collaborator Juveni performed the washing of the tabolas in the pot washing area, she suffers a feeling of dizziness and faintness causing the fall the same level and producing a slight concussion in the head.",I,Fall prevention (same level),Metals,Country_01,No,ihm_stefanini_kaggle_cc0,derived: Potential Accident Level >= IV,ihm_00121
"During the transit of the fuel tanker of level 3530 at level 2925 by the north ramp; When passing through level 3140 the operator feels that the right rear tire skids and when the operator performs a defensive maneuver the truck hits the left gable causing the injury described. At the time of the accident, the pilot and co-pilot were wearing a safety belt, their safety glasses and helmet.",IV,Others,Mining,Country_01,Yes,ihm_stefanini_kaggle_cc0,derived: Potential Accident Level >= IV,ihm_00122
"During field trip, to return to work after lunch, the employee of the Wellfield company slipped on the loose stones that were in the place. At that moment, with the intention of balancing, he tried hold onto a tree, falling under the right arm causing fracture at the distal end of the radius. The activity was paralyzed and the employee was referred to the Hospital in Paracatu where he underwent medical care.",IV,Fall,Others,Country_03,Yes,ihm_stefanini_kaggle_cc0,derived: Potential Accident Level >= IV,ihm_00123
"Being 10:50 am. Approximately, in the workshop of mechanical maintenance (surface) Mr. Orlando of boltec) and his assistant Mr. Macedonio made the cut of the link to shorten the distance of the chain and hold the injection hose of resin, instant that the saw blade leaves its cutting position, affecting the second finger of the left hand causing the injury.",III,Others,Mining,Country_01,No,ihm_stefanini_kaggle_cc0,derived: Potential Accident Level >= IV,ihm_00124
"During the tests of the soft starter of the engine of belt 03 the collaborator Igor moves around the site and at approximately 19:45 pm falls into a trench for electric cables, (0.90m deep), the same as was found partially discovered.",III,Others,Mining,Country_01,No,ihm_stefanini_kaggle_cc0,derived: Potential Accident Level >= IV,ihm_00125
"The ground team coordinated by Prospector with his assistants: da Silva and Wila 14:45 p.m., in a prong opening to access and collect soil samples, Auxiliar came across some he tried to divert about 10 meters to the right of the place, but at the moment of the diversion he came across the marimbondo house in front of him, not giving time for any other action since the thugs were already agitated, da Silva 5 times: a sting in the head, another behind the neck and other 3 stings in the face. Since all have allergy tests, it was verified that there was no allergic reaction, washed the affected part and returned to normal activities.",I,Bees,Others,Country_03,No,ihm_stefanini_kaggle_cc0,derived: Potential Accident Level >= IV,ihm_00127
"In the geological reconnaissance activity, in the farm of Mr. Lázaro, the team composed by Felipe and Divino de Morais, in normal activity encountered a ciliary forest, as they needed to enter the forest to verify a rock outcrop which was the front, the Divine realized the opening of the access with machete. At that moment, took a bite from his neck. There were no more attacks, no allergic reaction, and continued work normally. With the work completed, leaving the forest for the same access, the Divine assistant was attacked by a snake and suffered a sting in the forehead. At that moment they moved away from the area. It was verified that there was no type of allergic reaction and returned with normal activities.",I,Bees,Others,Country_03,No,ihm_stefanini_kaggle_cc0,derived: Potential Accident Level >= IV,ihm_00128
"During the process of washing the material (Becker), the tip of the material was broken which caused a cut of the 5th finger of the right hand",III,Cut,Metals,Country_02,No,ihm_stefanini_kaggle_cc0,derived: Potential Accident Level >= IV,ihm_00130
"In circumstances that the collaborator performed the cleaning of the ditch 3570, 0.50 cm deep, removing the pipe of 2 ""HDPE material with an estimated weight of 30 Kg. Together with two collaborators, when pushing the tube to drain the dune, the collaborator is hit on the lower right side lip producing a slight blow to the lip. At the time of the event, the collaborator had a safety helmet, glasses and gloves.",II,Others,Mining,Country_01,No,ihm_stefanini_kaggle_cc0,derived: Potential Accident Level >= IV,ihm_00131
"Being 01:50 p.m. approximately, in the Nv. 1800, in the Tecnomin winery. Mr. Chagua - Bodeguero was alone, cutting wires No. 16 with a grinder, previously he had removed the protection guard from the disk of 4 inches in diameter and adapted a disk of a crosscutter of approximately 8 inches. Originating traumatic amputation of two fingers of the left hand",V,Others,Mining,Country_01,Yes,ihm_stefanini_kaggle_cc0,derived: Potential Accident Level >= IV,ihm_00132
"at level 2900, during the ore hauling activity with locomotive from the OP2 to the bines, at times when the convoy was traveling through the hopper of the OP1, the assistant motorist who was riding in the saddle holding the pole is struck weakly by a split set which was suspended in the HDP pipeline in the gable the work at 1.65 meters from the floor. At the time of the accident, the assistant was wearing all his safety equipment and was wearing a seatbelt. At the time of the accident the Split set only accompanied the movement path of the convoy.",III,Others,Mining,Country_01,No,ihm_stefanini_kaggle_cc0,derived: Potential Accident Level >= IV,ihm_00134
"The employee who works as an electrician in the management of electrometallurgy, suffers contusion in the right leg when suffering a slip at the height of step 3 of the staircase with code ELE-81-040 (ABB furnace cat ladder), immediately He is referred to a collaborator to the medical service to be treated.",I,Fall prevention,Metals,Country_01,No,ihm_stefanini_kaggle_cc0,derived: Potential Accident Level >= IV,ihm_00135
"At times that the workers: Technician and Mr. Orlando of Boltec 2 of Cia. wanted to pass the hand stacker by a sardinel, the technician pulled the hydraulic arm, while Mr. was pushing from the nail of the equipment, when reaching the trench the rim is tied and the team turns forward falling on the technician.",III,Others,Mining,Country_01,No,ihm_stefanini_kaggle_cc0,derived: Potential Accident Level >= IV,ihm_00136
"In phase III of the concentrator plant, the maintenance personnel carried out the removal of transmission belt from the flotation cell of Pb cleaning; at the moment the mechanic removed the belt he leans on his left leg which slides towards the grating floor, leaving his foot between the two pipes generating the lesion described. The work was carried out at the floor level and at the time of the accident, the staff had put on their safety equipment.",III,Others,Mining,Country_01,No,ihm_stefanini_kaggle_cc0,derived: Potential Accident Level >= IV,ihm_00138
"Project of Vazante that carried out sediment collection of current in the South of Mata target, in the drainage of Serra do Garrote. team that was composed of 04 members of the WCA company, being the S.r.s Leandro, and Jehovânio. they were moving from one collection point to another, inside a shallow drainage, they saw the bee carton, the reaction was to move away from the box as quickly as possible to avoid the stings, they ran about 50 meters, looking for a safe area, to exit the radius of attack of the bees, but the S.S. and Breno), were attacked and consequently they suffered 02 stings, in the belly and Jehovah in the hand, verified that there was no type of allergic reaction, returned with the normal activities.",I,Bees,Others,Country_03,No,ihm_stefanini_kaggle_cc0,derived: Potential Accident Level >= IV,ihm_00140
"Once the mooring of the faneles in the detonating cord has been completed, the injured person proceeds to tie the detonating cord in the safety guide (slow wick) at a distance of 2.0 meters from the top of the work. At that moment, to finish mooring, a rock bank (30cm x 50cm x 15cm; 67.5 Kg.) the same front, from a height of 1.60 meters, which falls to the floor very close to the injured, disintegrates in several fragments, one of which (12cmx10cmx3cm, 2.0 Kg.) slides between the fragments of rock and impacts with the left leg of the victim. At the time of the accident the operator used his safety boots and was accompanied by a supervisor.",IV,Others,Mining,Country_01,Yes,ihm_stefanini_kaggle_cc0,derived: Potential Accident Level >= IV,ihm_00142
"During the activity of construction of wall stopper with mortar blocks to improve ventilation in the intermediate zone; in moments that the bricklayer assistant was preparing to complete the construction of the 3.05m high wall, part of the wall - 12 blocks; 1.5 Kg per block - fall towards the scaffold, so the mason assistant jumps towards an accumulation of sand located on one side to avoid being hit by the blocks, during the fall the injury described occurs. At the time of the accident the mason assistant jumps from a height of 1.40 m from the floor of the work and used his personal safety equipment which reduced the impact of the fall.",IV,Others,Mining,Country_01,Yes,ihm_stefanini_kaggle_cc0,derived: Potential Accident Level >= IV,ihm_00143
"The Geologo and the auxiliary Elismar traveled to evaluate geological points following the GPS near some drainage. Following the state highway that gives access to the Aripuanã area, they stopped and got out of the vehicle to see the point identified in the GPS, Renato, when distancing himself about seven meters from the vehicle following the road, was surprised by four bites of thorns on his face and neck. Quickly he hurried back to the vehicle, moving away from the place. The clerk was wearing a girdle and goggles, he still was not wearing gloves, as he would not enter the forest area. There was no allergic reaction.",I,Bees,Others,Country_03,No,ihm_stefanini_kaggle_cc0,derived: Potential Accident Level >= IV,ihm_00144
"Geologist and auxiliary Ademir traveled to the field to evaluate geological points following the GPS near some drainage. Following the state highway that gives access to Aripuanã area, stopped and got out of the vehicle to see the point identified in the GPS, Mário, when distancing himself about five meters from the vehicle following the road, was surprised by two bites of thorns on his face. Quickly he hurried back to the vehicle, moving away from the place. The clerk was wearing a girdle and goggles, he still was not wearing gloves, as he would not enter the forest area. There was no allergic reaction.",I,Bees,Others,Country_03,No,ihm_stefanini_kaggle_cc0,derived: Potential Accident Level >= IV,ihm_00145
"The operator of the Scissor 187 leaves his equipment parked at level -2995 Acc 7 due to electrical problems, when the maintenance personnel arrives, the electrician climbs on the control platform of the equipment and performs the verification of the hydraulic system confirming the problem; then in coordination with the mechanic decide to perform the test with the diesel system, moments in which accidentally activates with the body the arm movement lever causing the drill arm to move downwards generating the left hand's atricion against the support of the pivot tube generating the lesion described. At the time of the accident the electrician was alone on the control platform, while the mechanic was at ground level observing the pressure on the diesel system pressure gauge.",IV,Others,Mining,Country_01,Yes,ihm_stefanini_kaggle_cc0,derived: Potential Accident Level >= IV,ihm_00151
"When the mechanical technician proceeded to perform the maintenance of motor supports of a tipper, he decided to bring a wooden block, for which he moved to the temporary storage of materials - located at 10 m. of the tipper - in circumstances in which he sought the cue; the camera of a tire burst suddenly (it was on the right and 2 m. of the involved); the thunderous sound affected the right ear of the worker. The tire that exploded has 110 psi of pressure approximately, at the time of the event they were stacked 3 pneumatic, the second was the one that exploded (presented cut - place where the energy was released). The tire that was in the upper part was not projected. The tires were left by the previous guard (night shift), the storage area does not have a roof. In the place of the event only the affected mechanic was located (at 2m.) And at a distance of 70m. there were other workers. In the area 5 trucks were parked, none of them suffered damage to the glass.",III,Others,Mining,Country_01,No,ihm_stefanini_kaggle_cc0,derived: Potential Accident Level >= IV,ihm_00152
"In level 2930 access Siemag camera roof, at times when the piquero civil operator looked for a stilson key of 12 ""inside its metal tool box, open the metal lid (1m x 0.6m x 0.7m; 5 Kg of weight) with both hands, then push the lid backwards positioning your right hand near the base of the lid causing an incentration of your fifth finger between the lid and the structure of the box at the height of the hinge. At the time of the accident, the employee wore pad gloves, which reduced the consequence of the injury.",III,Others,Mining,Country_01,No,ihm_stefanini_kaggle_cc0,derived: Potential Accident Level >= IV,ihm_00153
"During the change of rim position 1 of the Jumbo ° 15, at moments that the mechanical technician with the support of the electrician disengaged the bolts, when loosening the fourth nut with the help of a lever (metal tube 1 ""diameter, 1.8m of length and a weight of 5.5 Kg), this bouncing effect returning to the initial position hitting in the palm of the left hand the electrician technician causing the injury. The employees at the time of the accident used their PPE's including leather gloves.",III,Others,Mining,Country_01,No,ihm_stefanini_kaggle_cc0,derived: Potential Accident Level >= IV,ihm_00155
"In plant while doing work on GEHO pump reducer N ° 1, when accompanying the rotation of the shaft of the reducer with a mixed key of 7/16 "", the wrench crown hits against the housing of the GEHO pump attributing the Union area of ​​the fifth and fourth fingers of the welder's right hand causing the injury. At the time of the accident the equipment was blocked and the employee used his leather gloves.",IV,Others,Mining,Country_01,Yes,ihm_stefanini_kaggle_cc0,derived: Potential Accident Level >= IV,ihm_00157
"In access 2 of level 3910, during the installation activity of hydraulic filling pipes of 4 ""diameter, when installing a section 80 m to a height of 5.6 m with reference to the floor, the master of hydraulic filling - accident - and his partner suffers an attrition of the right hand between the upper edge of the scoop lamp and the roof of the work generating the injury. At the time of the accident the employee used his rubber gloves.",V,Others,Mining,Country_01,Yes,ihm_stefanini_kaggle_cc0,derived: Potential Accident Level >= IV,ihm_00158
"At 11:00 a.m., Mr. Frank with the support of another mechanic, was preparing to place on the floor a metal part called the rear bridge of the forklift. At that moment the part moving part moves generating a blow to the middle finger of the left hand",IV,Pressed,Metals,Country_01,Yes,ihm_stefanini_kaggle_cc0,derived: Potential Accident Level >= IV,ihm_00159
"At level 3490 gallery 447, after performing the manual unlocking on load, the worker prepares to cut the sacrificial mesh that was exposed after the previous turn shot, placing himself under it with a 12-inch shear, when cutting the fifth suddenly strained wire of the mesh returns to his face casionándole the injury described. During the activity the worker used his safety glasses.",II,Others,Mining,Country_01,No,ihm_stefanini_kaggle_cc0,derived: Potential Accident Level >= IV,ihm_00160
"During execution of drilling on the target - Bolt BRJCLDD0006, made by the company SERVITECFORACO - probe 25, at 09:45 on July 9, 2016, the official Josimar da Silva, in the moment of the maneuver to fish material, when removing the feeder of water, during movement of the winch realized that the safety chain was loose and could curl in the rod. In performing the chain removal movement, he placed his left hand between the hose and the cap of the hydraulic plate. With the unlocking of the inner tube there was an abrupt movement of the chain, pushing his hand towards the hydraulic plate, causing an injury to the ring finger of this hand. The lesion caused a cut in the 4th Quirodactyl, with a need for suture of 3 points to close the cut.",IV,Others,Others,Country_03,Yes,ihm_stefanini_kaggle_cc0,derived: Potential Accident Level >= IV,ihm_00164
"when handling a sample in the laboratory, the sleeve of the employee's coat had contact with nitric acid, absorbing a small amount that came to reach the left forearm, causing a 1st degree burn.",II,Chemical substances,Metals,Country_02,No,ihm_stefanini_kaggle_cc0,derived: Potential Accident Level >= IV,ihm_00168
"At 21:15 hours on 07/18/2016, the collaborator Warrin (welder), when trying to inspect a cracking point in the INLET of the G2143 laminator, slips and falls to the same level hitting his face and hand , he was immediately transferred to the medical service for evaluation.",III,Fall prevention (same level),Metals,Country_01,No,ihm_stefanini_kaggle_cc0,derived: Potential Accident Level >= IV,ihm_00170
"The employee reports that he was draining ammonia, used as a refrigerant, into a container of water when splashes of the solution drained onto his face.",III,Chemical substances,Metals,Country_02,No,ihm_stefanini_kaggle_cc0,derived: Potential Accident Level >= IV,ihm_00171
"At times when the mill operator proceeded to remove the vitaulic flange connecting the suction pipe to the pump housing 8B; with the intention of de-sanding the system, when removing the flange, the mineral pulp comes out under pressure and impacts on the face and wrist of his left hand generating the lesion described. At the time of the accident, both the secondary mill No. 4 and the pumps 8A and 8B were blocked for maintenance work and the mill operator used his safety glasses.",IV,Others,Mining,Country_01,Yes,ihm_stefanini_kaggle_cc0,derived: Potential Accident Level >= IV,ihm_00174
"employee reports that upon initiating 615RLC front loading activity, during the elevation of the aerial work platform, a rock fragment from the roof of the gallery was dropped, reaching its face, causing the lesion.",II,Others,Mining,Country_02,No,ihm_stefanini_kaggle_cc0,derived: Potential Accident Level >= IV,ihm_00176
"When opened the access ladder of the people carrying Truck the employee had his right hand pressed into the support bracket of the same, suffering a superficial injury.",III,Others,Mining,Country_02,No,ihm_stefanini_kaggle_cc0,derived: Potential Accident Level >= IV,ihm_00177
The employee of partner company GR reports that she was cutting watermelon when she injured her 2nd chirodactilo of the left hand with the knife.,III,Manual Tools,Metals,Country_02,No,ihm_stefanini_kaggle_cc0,derived: Potential Accident Level >= IV,ihm_00178
"The mincing team was carrying out activities in the city of Juína and was coordinated by mining technician Felipe a time when the mining technician was last in line and more away from the team, was bitten by a blackjack on the left side of his face. There was no allergic manifestation and the team continued the work. In the afternoon, after lunch, the employee sought medical care, was medicated and released to continue activities the next day.",I,Bees,Others,Country_03,No,ihm_stefanini_kaggle_cc0,derived: Potential Accident Level >= IV,ihm_00179
"At times when the worker was cleaning the long holes of the production mesh in negative, when removing the polyethylene pipe it suffers a clogging inside the drill, which product of compressed air pressure is released by ejecting detritus and fragments of rock inside the hole impacting the worker's forehead causing a cut.",III,Others,Mining,Country_01,No,ihm_stefanini_kaggle_cc0,derived: Potential Accident Level >= IV,ihm_00180
"When removing the cap from the wear plate of the Warman LX-BB-01 pump, the left hand of the employee who was with the glove slipped came to have contact with the cutting part of the board.",II,Cut,Metals,Country_02,No,ihm_stefanini_kaggle_cc0,derived: Potential Accident Level >= IV,ihm_00181
"During the withdrawal of the fixed jaw wedge from the crusher 41BR01, the hoisting device (hook) was broken causing the steel cable of the overhead crane to strike the left hand of the employee.",IV,Others,Mining,Country_02,Yes,ihm_stefanini_kaggle_cc0,derived: Potential Accident Level >= IV,ihm_00182
"On leaving the Company the employee stumbled onto the exit ladder of the building and fell 3 steps, causing twisting of the ankle and grating on the cinnamon",IV,Others,Others,Country_02,Yes,ihm_stefanini_kaggle_cc0,derived: Potential Accident Level >= IV,ihm_00183
"During ore transport works from OP2 to bines; after having filled the tenth mining car with ore, the assistant positioned on the platform of the hopper OP2 places a wooden board between the pistons of the chain to avoid the fall of fines into the track, at which time a fragment of rock (10cmx8cm x6 cm; 1.4 Kg) rolls by the load and hits the distal phalanx of the fourth finger of the left hand. The assistant at the time of the accident was wearing safety gloves (pad type). The hopper OP2 at the time of the accident was with zero energy.",IV,Others,Mining,Country_01,Yes,ihm_stefanini_kaggle_cc0,derived: Potential Accident Level >= IV,ihm_00184
"In circumstances, the drilling assistants proceeded to assemble the inner tube to the barel; the injured person retracts the inner tube (head) to throw it manually towards the top of the catheter (inclination - 3 °) to continue with the perforation, in that moment the glove of the left hand is hooked in the speart point pushing his left hand until the edge of the box of the barel, originating the injury. At the time of the accident the injured employee used his rubber gloves and the work area was well lit.",IV,Others,Mining,Country_01,Yes,ihm_stefanini_kaggle_cc0,derived: Potential Accident Level >= IV,ihm_00185
"While maintaining the ramp 604, when placing the first cloth for the overlap with the previous mesh; the operator will check the work front, then return to the back of the team to coordinate with his assistant, at which time a fragment of rock (Weight: 0.42 kg) of the non-sustained area will be detached, which impacts on the arm of the team and reaching by bounce the collaborator causing the injury. The one involved made use of all their EPPs. At the time of the incident the assistant was in the back of the team preparing the support mesh.",IV,Others,Mining,Country_01,Yes,ihm_stefanini_kaggle_cc0,derived: Potential Accident Level >= IV,ihm_00187
"At level 3450 access 4 A2, the operator of the Scissor # 200 performed the support of the crown, at which time a piece of rock (13cmx6cmx2cm; 54g) passes between the cocada of the support mesh, from a height of 1.60 meters, towards the platform of the team breaking into particles one of which reaches his right eye causing the injury.",III,Others,Mining,Country_01,No,ihm_stefanini_kaggle_cc0,derived: Potential Accident Level >= IV,ihm_00188
"At level 2995 access # 6 A1 while the operator of the Scissor # 187 carried out the support of the right gable, from the platform it is arranged to place the Split set in the drill in the squat position to be introduced by the bolt, moment in which the which between the cocada of the support mesh falls from the crown a piece of rock (5cmx4cmx2cm; 112gr) from an approximate height of 2m impacting on the cervical region of the collaborator, causing the lesion described. At the time of the accident the crown was held and the collaborator used his safety glasses and gloves.",III,Others,Mining,Country_01,No,ihm_stefanini_kaggle_cc0,derived: Potential Accident Level >= IV,ihm_00189
"The servant would remove the dishes from the bowl of the sink and when picking up a set of plates, there was one of them with the broken / broken edge, causing injury to his 3rd chiropactyl from his right hand.",II,Cut,Metals,Country_02,No,ihm_stefanini_kaggle_cc0,derived: Potential Accident Level >= IV,ihm_00191
"Once the topographic survey in the Stp. 440 (East zone), the victim and his co-worker, decide to continue with their work in the Stp. 440 (West), for this the injured person walks behind his co-worker (10 to 15 meters), when arriving at the loading zone (intersection Rpa 175 and St 440) the injured person asks the sccop operator to stop to pass, once the equipment is stopped, the victim passes behind his partner stuck to the gable, trying to avoid the accumulation of water, when he takes the third step into the puddle, the injured person steps on the false and falls to the floor, causing the injury .",II,Others,Mining,Country_01,No,ihm_stefanini_kaggle_cc0,derived: Potential Accident Level >= IV,ihm_00193
"The employee reports that after carrying out activity in the area of ​​the Expedition was to remove the overalls and had contact with material that contaminated the sleeve, which caused 1st degree burn in the right forearm.",II,Chemical substances,Metals,Country_02,No,ihm_stefanini_kaggle_cc0,derived: Potential Accident Level >= IV,ihm_00194
"At 22:50 hours in row 12 when the cell suction partner removes the suction hose, untimely splashes of electrolyte solution in the left eye. Immediately he was referred to the medical service.",II,Pressurized Systems / Chemical Substances,Metals,Country_01,No,ihm_stefanini_kaggle_cc0,derived: Potential Accident Level >= IV,ihm_00195
"Collaborator was cleaning the sink of the Copper repulping area, at the moment of filling the truck with the shovel, he projects sludge towards the lenses; soiling them and obstructing vision. The worker indicates that when removing the lenses to clean them, some mud particles enter the left eye causing discomfort. It is referred to the medical center for the corresponding attention.",II,Others,Metals,Country_01,No,ihm_stefanini_kaggle_cc0,derived: Potential Accident Level >= IV,ihm_00197
"The clerk was cutting the excess fiberglass in a passing box and had contact with the blade of the marble saw, which cut the glove and caused a wound in his right hand.",IV,Manual Tools,Metals,Country_02,Yes,ihm_stefanini_kaggle_cc0,derived: Potential Accident Level >= IV,ihm_00198
"At level 4150 (+80) Unicon plant the collaborator was doing shuttering work in the concrete water sedimentation basin, at the moment of nailing a wood as it supplies on another 4 x 4 inch strip, he feels that the metallic hammer loosen the wooden handle and to fix it, he grabs the hammer by the head and hits the handle vertically on a wood, generating the injury. At the time of the accident the employee did not use his safety gloves.",I,Others,Mining,Country_01,No,ihm_stefanini_kaggle_cc0,derived: Potential Accident Level >= IV,ihm_00199
the check list of the area of ​​the survey the operator slipped in the foliage of the leucenas and fell.,II,Others,Mining,Country_02,No,ihm_stefanini_kaggle_cc0,derived: Potential Accident Level >= IV,ihm_00203
By participating in the general DDS held in the outside area of ​​the central locker room the employee was bitten by a bee.,II,Venomous Animals,Metals,Country_02,No,ihm_stefanini_kaggle_cc0,derived: Potential Accident Level >= IV,ihm_00204
"The employee reports that when performing the maintenance activity of pump on the tunnel of the TC-020, as he was pulling out the rotor, struck the piece with the mallet that slipped from his hand. Reaching the lower part of your left leg, causing the injury.",II,Others,Mining,Country_02,No,ihm_stefanini_kaggle_cc0,derived: Potential Accident Level >= IV,ihm_00205
"When trying to release the pipe (HDP pipe, 50m long and 2 ""diameter) stuck in the support mesh, the master loader and his assistant pull the pipe to release it, when the pipe is released hits the lateral part of the cheekbone and the eyelid worker's right generating the described injury.",IV,Others,Mining,Country_01,Yes,ihm_stefanini_kaggle_cc0,derived: Potential Accident Level >= IV,ihm_00206
"Collaborator around 9:00 AM, cleaning the leaves of the return well of the 5021 borehole BRAPDD 0183 slipped on the canvas that was on the edge of the well, hitting the right side of the back against the metal structure of the mud-swathed box causing a slight excoriation. The employee was referred to the local hospital, medicated and released for the activities.",I,Fall,Others,Country_03,No,ihm_stefanini_kaggle_cc0,derived: Potential Accident Level >= IV,ihm_00212
"During the maintenance of the access, at the moment the assistant places the mini split set in the adapter, the clamp - which was locked - returns to its initial position hitting the collaborator's hand causing the described injury. At the time of the accident the team was in a sustained area, the arm of the jumbo was at a height of 0.80m from the floor and the employee was wearing rubber gloves.",III,Others,Mining,Country_01,No,ihm_stefanini_kaggle_cc0,derived: Potential Accident Level >= IV,ihm_00215
"Employee was preparing rice using a utensil type skimmer to stir inside the pressure cooker when part of the cable broke, reaching its hand causing a blunt cut.",III,Manual Tools,Metals,Country_02,No,ihm_stefanini_kaggle_cc0,derived: Potential Accident Level >= IV,ihm_00216
"Being 05:30 am. Approximately Marco and Isidro TORRES they were performing the pipe standardization of the CX 771 / CX-983 Nv. 1940; in moments that Marco lifts the air pipe over the spike, this seat and the pipe impacts on the worker's safety guard.",II,Others,Mining,Country_01,No,ihm_stefanini_kaggle_cc0,derived: Potential Accident Level >= IV,ihm_00220
"Being 10:50 a.m. approximately, in the maintenance workshop of the E.E Unicon, in circumstances that two mechanical technicians placed the protective plate (30 kg.) of the Mixkret 111 fuel tank, At the moment of attempting to bolt this protective plate it slips from the hands of one of them falling directly on the instep of the left foot, causing the injury described.",III,Others,Mining,Country_01,No,ihm_stefanini_kaggle_cc0,derived: Potential Accident Level >= IV,ihm_00222
"Being 5:15 a.m. in the N. in the NV 1710 CX 018, the mixkret operator was washing the mixkret 116 with a hose with water under pressure, it is necessary to change the location; from the right side to the left and He proceeds to pull the hose then slips and feels that the left foot bends.",II,Others,Mining,Country_01,No,ihm_stefanini_kaggle_cc0,derived: Potential Accident Level >= IV,ihm_00223
"In the probe 5068 bore BAPDD00146, around 15:00 hours, the polling assistant Luciano da Silva performing the maneuver of descending rods, led the rod to the gutter, but this when not leaning suitably came to escape the gutter returning toward the easel. His hand had slipped and his little finger was between the rod and the easel. Realizing that the shaft had returned, he released it. immediately, but his little finger was partially hit by the rim of the rod against the easel resulting in a cut. The auxiliary was taken to hospital and attended to, the wound resulted in 5 points and the was released for administrative activities.",III,Others,Others,Country_03,No,ihm_stefanini_kaggle_cc0,derived: Potential Accident Level >= IV,ihm_00227
"Being approx. 23:45 hrs. Mr. Eliseo secondary crushing operator, when retiring to his snack, finds the gate of the chute of strip 6 open, and when approaching to close the gate, in that At that moment, the operator Mr. Samuel who was on the upper platform, coordinates with the operator of the control room the start of strip 6-1, at that moment the start-up product projects a particle (10x6x5cm) impacting on the flange of the gate and projecting to towards the height of the lenses and respirator of Mr. Eliseo.",IV,Others,Mining,Country_01,Yes,ihm_stefanini_kaggle_cc0,derived: Potential Accident Level >= IV,ihm_00230
"Employee assisted in the support of the gate, while the other the tying of the canvas in the frame, and by pressing the rope so that the canvas stretched, the metal structure moved, coming out of the wooden support, falling and striking against the employee's face, causing a cut in the right superciliary.",II,Others,Mining,Country_02,No,ihm_stefanini_kaggle_cc0,derived: Potential Accident Level >= IV,ihm_00232
"In phase I, the operator carried out the removal of inchancanbles of the reciprocating feeder, while removing a split set with the support of a rope, the staff supports the left hand on the structure of the protection against falling, it is at this moment that another split set comes out together with the load and hits on the distal phalanx of the fifth finger of the left hand, generating the described injury.",IV,Others,Mining,Country_01,Yes,ihm_stefanini_kaggle_cc0,derived: Potential Accident Level >= IV,ihm_00233
"In circumstances that the assistant of mine was arranging to advance the hose of flexible nylon of 1 ""of diameter, to proceed with the watered of shot fired, positioning itself under a zone with the support deteriorated by the last blasting, moment in which it gives off a block of rock (25cmx10cmx5cm; 3.5 Kg) of the roof of the work of a height of 5.2 meters which when falling hits by rebound in the left leg of the collaborator causing the described injury.",IV,Others,Mining,Country_01,Yes,ihm_stefanini_kaggle_cc0,derived: Potential Accident Level >= IV,ihm_00234
"As the employee cleaned the thermal recovery boiler using an air boom, the hose loosened from the pipe connection, drawing a jet of compressed air toward his right ear, causing impact noise.",III,Pressurized Systems,Metals,Country_02,No,ihm_stefanini_kaggle_cc0,derived: Potential Accident Level >= IV,ihm_00236
"In the activity of loading of explosives in front of level 326 GTS, there was a fall of a Rock fragment reaching right arm of the Blaster causing a cut-blunt.",IV,Others,Mining,Country_02,Yes,ihm_stefanini_kaggle_cc0,derived: Potential Accident Level >= IV,ihm_00237
"In circumstances that the mechanical technician and his work colleague arranged to accommodate the spare (Rollover) of the Small 02 on the platform of the cart on the floor, the two squat collaborators decide to push one on each side, at which time one edge of the Rollover imprisons the third finger of left hand against the handle of the cart on the right side, causing the wound on the third finger left hand. At the time of the accident both employees used their respective gloves.",IV,Others,Mining,Country_01,Yes,ihm_stefanini_kaggle_cc0,derived: Potential Accident Level >= IV,ihm_00238
"Once the ore loading in the LT-30 locomotive was completed; the penultimate car derails (7th car), by the presence of fragment of rock in the railway line, (weight of the car with mineral 8 tons), and to get it back on track the mining car, the victim makes use of a metal tube (length 1.20 meters and 4 ""diameter) to maneuver and reposition the mining car; at that moment the metallic tube loses stability and imprisons the victim's hand against the strut of the mining car. The collaborator at the time of the event towards the use of his leather gloves.",IV,Others,Mining,Country_01,Yes,ihm_stefanini_kaggle_cc0,derived: Potential Accident Level >= IV,ihm_00239
"In the Alimak chimney of level 2440, the alimakero driller and his assistant are positioned in the main cage with guard heads and proceed to perform the rock untie at the top of the chimney, it is at this time that the teacher perceives a spark of rock in the top and communicates to the assistant so that this prevented, when falling the rock of 1.0x0.80x0.20 m on the guard heads is fragmented and one of the fragments fall on the chain and rebound rubs the operator's right hand generating the described injury.",IV,Others,Mining,Country_01,Yes,ihm_stefanini_kaggle_cc0,derived: Potential Accident Level >= IV,ihm_00241
"Mr. Eriks after having completed the change of guide pole in the conveyor belt 7-1, the collaborator moved to the other side of the belt to remove the tecl, passes under the stairs without getting to observe that in that moment the collaborator Jhon dropped an inchancable of a weight approx. of 15 kg. From the entrance platform to the chute of discharge, at a height of 1.80 meters, the iron grazed him on the forearm, finally hitting his left foot at the height of the instep.",IV,Others,Mining,Country_01,Yes,ihm_stefanini_kaggle_cc0,derived: Potential Accident Level >= IV,ihm_00244
"When igniting the furnace 07 of the battery I, there was reflux of hot gas, reaching the face of the employee.",II,Others,Metals,Country_02,No,ihm_stefanini_kaggle_cc0,derived: Potential Accident Level >= IV,ihm_00245
"Approximately at 02:10 a.m. Mr. Wilmer approaches the C150 drying tower for the placement of a blanket, to cover the entrance manhole of the tower; at that moment the manhole cover resting on the railing slides, impacting on his right leg.",IV,Others,Metals,Country_01,Yes,ihm_stefanini_kaggle_cc0,derived: Potential Accident Level >= IV,ihm_00246
"The operator when descending by ladder of sailor of 6 steps, falls to the floor going down of the 3er. step, falling on his back and hitting his head. The worker used the chin strap with the helmet, a safety element that reduced the injury from the blow. He was treated at the medical center with local treatment, referred to the Clinic for re-evaluation.",IV,Others,Metals,Country_01,Yes,ihm_stefanini_kaggle_cc0,derived: Potential Accident Level >= IV,ihm_00250
"Being approx. 3:10 a.m. Mr. Denis made the mesh placed in a ventilation plug up a ladder, while trying to do a wire tie, suddenly had an imbalance due to the manipulation of tools falling from the third step, propiciándose a blow in the right knee and a wound of the wrist of the right hand. Later he was evacuated to the post where he received first aid.",II,Others,Mining,Country_01,No,ihm_stefanini_kaggle_cc0,derived: Potential Accident Level >= IV,ihm_00251
The employee reports that upon initiating 615 RLC front loading activity while performing the emulsion preparation for use there was a displacement of a small rock fragment from the ceiling reaching his left forearm,II,Others,Mining,Country_02,No,ihm_stefanini_kaggle_cc0,derived: Potential Accident Level >= IV,ihm_00252
"in Level 2900 dining room, the collaborator finished washing tabolas (food containers) of dimensions 52 cm x 30 cm x 20 cm, proceed to order them by pinking the thumb of the right hand in the corner of the aluminum tabola, generating the lesion. The employee at the time of the accident did not have safety gloves.",I,Others,Mining,Country_01,No,ihm_stefanini_kaggle_cc0,derived: Potential Accident Level >= IV,ihm_00253
"During the exchange of the shock-bearing housing, the employee used a sledgehammer to hit the pipe. At this stage of the activity the hammer hit the stepladder that was very close, coming to (hand tool) to be projected onto the left hand thumb, which was holding the piece.",III,Others,Metals,Country_02,No,ihm_stefanini_kaggle_cc0,derived: Potential Accident Level >= IV,ihm_00254
"After the welder completed the welding work to reinforce the forms in the deepening, he walked towards the distant truck at about 40 mt, at which point the welder stepped on a fragment of rock of 5 cm x 10cm x 5cm approx. which generates that the foot flexes and generates the injury in the worker.",II,Others,Mining,Country_01,No,ihm_stefanini_kaggle_cc0,derived: Potential Accident Level >= IV,ihm_00255
"During the activity of chuteo of ore in hopper OP5; the operator of the locomotive parks his equipment under the hopper to fill the first car, it is at this moment that when it was blowing out to release the load, a mud flow suddenly appears with the presence of rock fragments; the personnel that was in the direction of the flow was covered with mud.",IV,Others,Mining,Country_01,Yes,ihm_stefanini_kaggle_cc0,derived: Potential Accident Level >= IV,ihm_00256
"At times when four mechanics performed the removal of a (1TM) engine on a positive slope using a key and a tyrfor, at the time that the 1st welder tightened the key (12 Kg of weight) when pulling the chain the eyebolt that held the Click on the roof of the work is broken transversely causing the fall of the key hitting the helmet of the welder mechanic causing cervical contracture. The tirfor was used during the activity as a second protection to prevent the engine from falling.",IV,Suspended Loads,Mining,Country_01,Yes,ihm_stefanini_kaggle_cc0,derived: Potential Accident Level >= IV,ihm_00257
"At times when four employees lowered a metal sheet (1.5mx1.8m; m 80Kg) towards the floor from a height of 20 cm., The assembly assistant does not timely remove the hand, trapping his ring finger between the iron and loose earth causing a contusion on his ring finger. The collaborator at the time of the event to use their maneuver gloves.",III,Others,Mining,Country_01,No,ihm_stefanini_kaggle_cc0,derived: Potential Accident Level >= IV,ihm_00258
"When entering the caustic soda containment basin to place the hose to make the suction, at this stage there was steam formation, striking the employee in the right and left calf.",II,Others,Metals,Country_02,No,ihm_stefanini_kaggle_cc0,derived: Potential Accident Level >= IV,ihm_00261
"When performing the Doosan RB-10 equipment hammer repair, the employee tries to remove the suspenders with the support of a 25-pound rope; At the moment of receiving the blow the brace or bolt causes a splinter to be released, expelling and impacting on the lower left limb causing metal embedding in it. The collaborator did not notice immediately.",III,Others,Mining,Country_01,No,ihm_stefanini_kaggle_cc0,derived: Potential Accident Level >= IV,ihm_00263
"Employee reports that he performed an activity in the area of ​​the Ustulación, under the coordination of Maintenance when he was hit by dust from the ustulado, causing irritation in the eye region.",II,Others,Metals,Country_02,No,ihm_stefanini_kaggle_cc0,derived: Potential Accident Level >= IV,ihm_00264
"Employee reports that when returning the anode to the easel the even bumped into the side of the easel coming to swing and hit his right shoulder, causing bruise.",III,Others,Metals,Country_02,No,ihm_stefanini_kaggle_cc0,derived: Potential Accident Level >= IV,ihm_00266
"happened?): During the maintenance of the Bolter equipment; the collaborator uses a carpenter's hammer to be able to remove a link in the chain of advance the drilling machine, in moments that hits on the side of the chain, the partner hits the structure of the beam diverting the path of the hammer causing it to strike his left hand.",IV,Others,Mining,Country_01,Yes,ihm_stefanini_kaggle_cc0,derived: Potential Accident Level >= IV,ihm_00267
"The maid while walking in the electrolysis area, stumbled and fell next to the bathroom in room B.",II,Others,Metals,Country_02,No,ihm_stefanini_kaggle_cc0,derived: Potential Accident Level >= IV,ihm_00268
"When performing the movement of the bar to make room and place a calibrator. Mr. Chuquillanqui pushes the bar with both hands turning it, being at that moment imprisoned the middle finger of the left hand against the other bar that was ahead.",IV,Others,Mining,Country_01,Yes,ihm_stefanini_kaggle_cc0,derived: Potential Accident Level >= IV,ihm_00270
"Mr. Marcelo withdrew foam from the ajax oven, using the metal spoon to empty it into the foam waste container. At that moment splash of slag residues, impacting the face and generating a surface burn. The worker was wearing a face mask.",II,Others,Metals,Country_01,No,ihm_stefanini_kaggle_cc0,derived: Potential Accident Level >= IV,ihm_00274
"Employee reports that when trying to remove one of the plates from the overflow system of the Ustulador oven, the 5th finger of the right hand was pressed between the tool (wrench with extension) and the overflow flange of the Ustulador oven, located behind the performer.",IV,Others,Metals,Country_02,Yes,ihm_stefanini_kaggle_cc0,derived: Potential Accident Level >= IV,ihm_00275
"At 13:40 hours, Mr. Hidalgo, wanting to climb on the starter board to remove the fans, stands on an unstable reel and, when driving, fell frontally at a height of 2.98m.",V,Others,Mining,Country_01,Yes,ihm_stefanini_kaggle_cc0,derived: Potential Accident Level >= IV,ihm_00276
"Being approximately 8:10 p.m. Alpha operator Mr. Ronald was heading to mine when he decides to stop the equipment to accommodate the lights (left side), manipulating the support of the lighthouse, catching his fifth finger of the right hand with the protection grid and support.",IV,Others,Mining,Country_01,Yes,ihm_stefanini_kaggle_cc0,derived: Potential Accident Level >= IV,ihm_00277
"In the volvo workshop at the time of cutting steel plate (thickness 1 in), for the installation of the MT-32 scoop lip, with Oxicorte equipment, the injured feels a discomfort in both eyes. At the time of the accident the collaborator made use of his full Epp, but the soldering iron lens did not make full adjustment for the presence of the respirator.",IV,Projection,Mining,Country_01,Yes,ihm_stefanini_kaggle_cc0,derived: Potential Accident Level >= IV,ihm_00279
"During the preparation for the scaffolding activity, the employee was loading the pieces to the designated place where he had his finger pressed between the metal pieces that were being moved.",I,Pressed,Metals,Country_02,No,ihm_stefanini_kaggle_cc0,derived: Potential Accident Level >= IV,ihm_00281
"When making the change of support of the vertical pump of 6 ""(40357 Zinc two mechanics raised a beam in"" H ""(4"" x 2.7 m and 45 kg.) One at each end and being at the height of The injured person's knee slips from his hands causing the injury described.",IV,Others,Mining,Country_01,Yes,ihm_stefanini_kaggle_cc0,derived: Potential Accident Level >= IV,ihm_00282
"Employee performed withdrawal of electrical failure in the engine control drawer of the TQ 14 A, after the check and exchange of fuses, it closed the door of the drawer and energized the drawer, at this moment an arc was opened, reaching the face and part of the employee's forearm, causing minor burns.",IV,Projection/Burning,Metals,Country_02,Yes,ihm_stefanini_kaggle_cc0,derived: Potential Accident Level >= IV,ihm_00284
"In circumstances where the worker hit the support of the drill beam advance cylinder to align the base of the beam with the holes of the beam and place the bolt, mechanical hammer slips and by inertia the mechanic's hand hits the edge of the beam causing the injury. At the time of the accident the employee had all the PPE for this activity.",III,Others,Mining,Country_01,No,ihm_stefanini_kaggle_cc0,derived: Potential Accident Level >= IV,ihm_00285
"During the reduction activity in the tube, the employee attached the tube to the walrus, and when he hit the tube with the hammer, he untied the walrus by reaching his finger.",II,Manual Tools,Metals,Country_02,No,ihm_stefanini_kaggle_cc0,derived: Potential Accident Level >= IV,ihm_00288
"Upon approaching the furnace that was in the process of melting the Zn ingot, it was struck by liquid metal projection.",IV,Liquid Metal,Metals,Country_02,Yes,ihm_stefanini_kaggle_cc0,derived: Potential Accident Level >= IV,ihm_00291
"During routine slimming activity of the kiln 8 of the battery 1. The employee began to remove the waste inside the crucible with the aid of a skimmer, felt pain in the left shoulder.",IV,Others,Metals,Country_02,Yes,ihm_stefanini_kaggle_cc0,derived: Potential Accident Level >= IV,ihm_00292
"When manipulating materials on the master drill truck, the operators decide to make space by moving a radiator, at that moment the driver of the truck is imprisoned the little finger of the left hand against the bar.",III,Manual Tools,Mining,Country_01,No,ihm_stefanini_kaggle_cc0,derived: Potential Accident Level >= IV,ihm_00294
"On 01/24/2017, at 12:25 a.m., during the activity of collecting soil, the collaborator Milton ran into a branch and was attacked by maribondos. He was bitten twice in the head. No pain, swelling and no allergic symptoms continued with their activities.",I,Venomous Animals,Others,Country_03,No,ihm_stefanini_kaggle_cc0,derived: Potential Accident Level >= IV,ihm_00298
"During the process of loading drills in the Carmen pit of level 3450, the operator positions the basket of the anfo loader 186 equipment at a height of 3m from the floor to carry out the loading of the production drills; At this moment, a stone slab of 1.4x0.7x0.2 m is detached from the front of the pit, which is tilted and lodged inside the basket, trapping the right leg of the collaborator.",VI,remains of choco,Mining,Country_01,Yes,ihm_stefanini_kaggle_cc0,derived: Potential Accident Level >= IV,ihm_00299
"Being 00:10 am at times when the collaborator was passing a tubo ""PVC pipe to the loader to uncover the fifth hole that was obstructed by a piece of rock. The operator of the Jetanol accidentally activates the air valve, causing the loading pipe that was in the floor to rise suddenly throwing prils of anfo (excess in pipe) on the cheekbone and eyelid of the right eye of the victim.",III,Others,Mining,Country_01,No,ihm_stefanini_kaggle_cc0,derived: Potential Accident Level >= IV,ihm_00300
"In circumstances that the tipper MV-01 of the EE Mceisa, moved of the Nv. 3120 to Nv. 3300, the operator sees a congestion of equipment in front of his unit in the Ramp 990 - at a distance of 80 meters. of access to the Nv. 3300, which is why he decides to get off the cab by turning off his vehicle, when suddenly he slides off the second rung that is 0.70 m from the ground, hitting the right forearm region against the fender and the same rung.",III,Vehicles and Mobile Equipment,Mining,Country_01,No,ihm_stefanini_kaggle_cc0,derived: Potential Accident Level >= IV,ihm_00301
"At the moment of entering through the mouth of Tunel 3600, the employee moves on the left side of the locomotive LT-18 (locomotive of personnel transfer that was stationed at the entrance of the mouth) without noticing the protruding abutment of said locomotive at the bottom hitting his right knee with the metal stirrup. It should be noted that the operator continued his duties during the watch without reporting what happened. At 2:30 a.m. The extraction supervisor, upon noticing the discomfort of his partner in the knee, immediately evacuated him to Natclar after reporting to the control center.",III,Vehicles and Mobile Equipment,Mining,Country_01,No,ihm_stefanini_kaggle_cc0,derived: Potential Accident Level >= IV,ihm_00302
"During the assembly activity of polypropylene pipe with 4 ""diameter, the employee stepped on the pipe flange, it twisted his right foot.",III,Others,Metals,Country_02,No,ihm_stefanini_kaggle_cc0,derived: Potential Accident Level >= IV,ihm_00303
"Upon entering the mine interior; the bodeguero is located only in the litorina N ° 13, last of the convoy; during its displacement, the litorina derails and advances approximately 15 meters; it is when the operator observes this event and before entering through the entrance gate paralyzes the displacement of the convoy. The winemaker had his full EPPs on.",IV,Vehicles and Mobile Equipment,Mining,Country_01,Yes,ihm_stefanini_kaggle_cc0,derived: Potential Accident Level >= IV,ihm_00304
"In Level 2900 - OP 5 the worker performed the chuteo ore from the hopper to the second car, perceived a slip of water and mud through the hopper, decided to leave the platform and when he was already down the second rung of the ladder of access, the water increases and a fragment of rock slides and hits the back of the worker causing it to fall and hit the right forearm and left knee.",V,remains of choco,Mining,Country_01,Yes,ihm_stefanini_kaggle_cc0,derived: Potential Accident Level >= IV,ihm_00309
"Being 12:20 hours Approximately, in circumstances that the Administrative SSOMAC, was arranged to move the guillotine of the right side towards the center of the table to make cuts of enmicadas pages, when trying to raise the guillotine the middle finger of the right hand It rubs against the edge of the guillotine blade, causing the cut in the yolk of the third finger of the right hand.",IV,Cut,Mining,Country_01,Yes,ihm_stefanini_kaggle_cc0,derived: Potential Accident Level >= IV,ihm_00310
"During the preparation for the office cleaning activity, the employee made use of the stair railing, it had contact with the clamp used to lock the signaling board.",II,Others,Metals,Country_02,No,ihm_stefanini_kaggle_cc0,derived: Potential Accident Level >= IV,ihm_00311
"Performing carpentry work, the collaborator hit the second finger of the left hand with the hammer, which he held with his right hand, causing a bruise at the height of the nail. The evaluation was carried out at the medical center of the unit, the final diagnosis being contusion on the finger.",I,Manual Tools,Metals,Country_01,No,ihm_stefanini_kaggle_cc0,derived: Potential Accident Level >= IV,ihm_00316
"During the maintenance of the peristaltic pump 02BP0166 to change the internal hose, the rupture tubing of the reserve pump 02BP0167 ruptured after it started to operate, designing solution heated towards the employee, reaching his left forearm causing irritation in the skin.",IV,Projection,Metals,Country_02,Yes,ihm_stefanini_kaggle_cc0,derived: Potential Accident Level >= IV,ihm_00318
"During the maintenance of the peristaltic pump 02BP0166 to change the internal hose, the rupture tubing of the reserve pump 02BP0167 was disrupted, after it started to operate, designing solution heated towards the employee, reaching his left forearm, causing a burn .",IV,Burn,Metals,Country_02,Yes,ihm_stefanini_kaggle_cc0,derived: Potential Accident Level >= IV,ihm_00319
"By averaging 8:23 am at the offices of Ajani, Liliana prepares to store folders in the warehouse, to go to the place it comes out of the iglu, when going down the two steps it does so diagonally so it sits the left foot on the edge of the second step causing the foot to bend Left inward, it stabilizes quickly avoiding falling to the ground.",II,Fall,Mining,Country_01,No,ihm_stefanini_kaggle_cc0,derived: Potential Accident Level >= IV,ihm_00322
"the moment of extracting the bolts of the CHUCK of rotation unit VSD 01; in the instant that is made hits with the rope of 6Lbs. the base of the support bolts, a fragment of the metal structure is projected, impacting the face of the mechanic Freddy the described injury.",III,Projection/Manual Tools,Mining,Country_01,No,ihm_stefanini_kaggle_cc0,derived: Potential Accident Level >= IV,ihm_00323
"Once the painting of the pumping pipe has been completed, the person involved involuntarily touches his face, with his hand (with gloves) full of paint, and to clean himself he makes use of a dry industrial cloth and begins to rub his face, for a period of time from 30 to 40 seconds continuously, until finally the paint on the face is cleaned, this friction generates the described injury.",III,Chemical substances,Mining,Country_01,No,ihm_stefanini_kaggle_cc0,derived: Potential Accident Level >= IV,ihm_00324
"At the conclusion of the unloading of ore with the AMP-819 plate tipper, in the pit 01, the driver notices that a stretch of support mesh is stuck in the hopper hatch; then the driver gets off his equipment (with the hopper lifted) to remove with his hands this mesh, when generating force, fine particles of rock fall and one of them is impregnated in the eye of the injured. At the time of the incident, the injured person used his measuring glasses and did not have any surcharges.",IV,Projection,Mining,Country_01,Yes,ihm_stefanini_kaggle_cc0,derived: Potential Accident Level >= IV,ihm_00325
"Mr. Walter was putting his tools in the hopper of the Atlas truck that was parked on the cruise 320 of Level 1850 OB2B, then the mining operations van arrived driven by Engineer parked behind the truck of Atlas to approximately 3 meters and without having placed the safety block went to request the data of the drilling, later the assistant of the SIMBA 04 opened the gate, dropping the bit into the hopper of the mine truck and untimely the vehicle He moved forward, pinning the mechanic's right leg.",IV,Vehicles and Mobile Equipment,Mining,Country_01,Yes,ihm_stefanini_kaggle_cc0,derived: Potential Accident Level >= IV,ihm_00326
"In the support process, in circumstances that the assistant performs the Last cut in the transverse length of the mesh; The mesh generates a movement towards the operator and hits the face causing the described injury.",III,Projection,Mining,Country_01,No,ihm_stefanini_kaggle_cc0,derived: Potential Accident Level >= IV,ihm_00329
"On 02/25/2017 at 13:05 p.m., when assisting with GPS in the Magnetometric collaborator Gilvânio bumped the top of the field hat on a branch and was attacked by maribondos. The moths went towards his eyes, but due to the use of sunglasses, the attack in that region was prevented. The insects moved to the side of the face, getting caught between the ear and the back of the field hat, making the helper get two bites behind the ear. Gilvânio is allergic to Marimbondos bites, soon the activity was immediately paralyzed, we drove to the car, where the accident took his medicine (antiallergic already used in other situations out of work, indicated by another doctor) to avoid further swelling. Marcelo responsible for the project was also on the field in the mapping activity, was called on the radio immediately. The assistant felt good, but was taken to the emergency of the Hospital of Lavras do Sul, where he consulted the doctor, took antiallergic and was released around 15:20.",I,Venomous Animals,Others,Country_03,No,ihm_stefanini_kaggle_cc0,derived: Potential Accident Level >= IV,ihm_00330
"In moments when the staff of the IMPROMEC company was heading towards the 447 pique to support shotcrete casting jobs; One of the electricians does not identify a lane and water in the road, so his right leg enters the gutter of 0.8 m depth causing the injury. The service of the litorina was paralyzed for the entrance of this personnel.",III,Fall,Mining,Country_01,No,ihm_stefanini_kaggle_cc0,derived: Potential Accident Level >= IV,ihm_00331
"The employee was descending the ladder after inspection of the milling cyclones, which gives access to the floor behind the mill 10 by platform # ISC-MG26 when the floor gave way and it fell from a height of approximately 1 meter and 70 meters (there is material / ore below the platform, decreasing the height of the fall impact).",IV,Fall prevention,Mining,Country_02,Yes,ihm_stefanini_kaggle_cc0,derived: Potential Accident Level >= IV,ihm_00332
"When carrying out refractory brick chopping activities, in order to place the support of the bus bar in section 70, a particle is detached, hitting the assistant's right arm that was one meter away from the work area, provoking him a wound in the arm, was treated at the medical center and returned to his usual duties.",I,Others,Metals,Country_01,No,ihm_stefanini_kaggle_cc0,derived: Potential Accident Level >= IV,ihm_00335
"On 02/03/17 during the soil sampling in the region of Sta. the employees Rafael and Danillo da Silva were attacked by a bee test. They rushed away from the place, but the employee Rafael took 4 bites, one on the chin, one on the chest, one on the neck and one on the hand over the glove. The employee took 4 bites, one in his hand over his glove and the other in the head, and the employee Danillo took 2 bites in the left arm over his uniform. At first no one sketched allergy, just swelling at the sting site. The activity was stopped to evaluate the site, after verifying that the test had remained in the line, they left the site.",I,Venomous Animals,Others,Country_03,No,ihm_stefanini_kaggle_cc0,derived: Potential Accident Level >= IV,ihm_00336
"Being 5:40 pm approx. when the collaborator Mr. Duval (sampler), was preparing to change and remove the buckets from the pulp samples of the plant courier, he slipped and fell to the ground supporting himself with the right hand generating the lesion described.",III,Fall,Mining,Country_01,No,ihm_stefanini_kaggle_cc0,derived: Potential Accident Level >= IV,ihm_00338
"When the scoop was heading from Rpa 910 to the cut-off point of the Cro 861 South to be unloaded, it visualizes a truck that was parked with the lights and the engine ignited inside the thrust - where the Scoop found accumulating dismount-; the operator stops the Scoop and gets off to tell the driver of the truck to leave and when he finds no one he decides to go and look for the driver at the top of Cro 861 South, where he can not find it; Then he returns to his Scoop and at 15 to 20 meters visualizes the light of a lamp shining in the direction of the gable, when approaching, he finds the deceased lying on the side of the Scoop and proceeds to give immediate notice to the supervisory of the shift, control center and emergency center.",V,Vehicles and Mobile Equipment,Mining,Country_01,Yes,ihm_stefanini_kaggle_cc0,derived: Potential Accident Level >= IV,ihm_00341
"During the activity of changing conveyor belt 11B feeding the primary mill No. 2; the mechanic entered the discharge chute (0.75 x 0.75 x 0.80 m.) to clean the material, at which time the automatic sampler (0.30 x 0.25 m) that was inside the chute was activated, trapping the mechanic at the height of the chest. At the time of the accident the mechanic was alone in the work area.",V,Power lock,Mining,Country_01,Yes,ihm_stefanini_kaggle_cc0,derived: Potential Accident Level >= IV,ihm_00346
"Employee reports that he assisted the maintenance activity in Tower 09, in Electrolysis, when he stepped on the GRP grid (Polymer with Glass the floor moving, causing it to fall. The event took place in 3 stages: 1) Displacement and fall of the floor in the span when receiving the effort; 2) Employee fall to about 1.60m below the GRP floor, on the side of the gutter below the floor, supporting the structure; 3) Employee fall to the lower level, about 2.35m below the GRP floor.",IV,Fall prevention,Metals,Country_02,Yes,ihm_stefanini_kaggle_cc0,derived: Potential Accident Level >= IV,ihm_00350
"Employee reports that he was supervising an activity in the Ustulation, near the Ball when a projection of hot humped dust from the upper floor reached his cervical (""neck"" region), causing a first degree burn.",III,Chemical substances,Metals,Country_02,No,ihm_stefanini_kaggle_cc0,derived: Potential Accident Level >= IV,ihm_00351
Employee performed the task of hoisting big-bags containing waelz oxide and after performing several hoistings the employee suffered a low-voltage electric shock when contacting the hoist when attaching the handle of a big-bag on it.,IV,Suspended Loads,Metals,Country_02,Yes,ihm_stefanini_kaggle_cc0,derived: Potential Accident Level >= IV,ihm_00352
"On 04/04/2017, around 13: 30hs, during the current sediment activity the collaborator Warley took a bee sting in the neck, the same was using the screen, but the bee entered the bottom of the screen . After the sting the team decided to leave the workplace due to the presence of other bees. The collaborator had no reaction and continued to work normally.",I,Venomous Animals,Others,Country_03,No,ihm_stefanini_kaggle_cc0,derived: Potential Accident Level >= IV,ihm_00354
"In the tower N ° 6 of the old 50 KV LT (disabled and de-energized and 90% dismantled) located in the city of Pasco, the last profiles of the base of the tower previously disassembled were cut, using oxyfuel equipment , at 11:45 am, the Proingcom security supervisor and the foreman, who were on the outside of the fenced area supervising the activity, indicate the stoppage of activities and evacuation to the refuge due to the orange alert indicated on the detector of storms. During the evacuation of the last 02 employees who were inside the fenced area, a loud sound was heard, provoking a fright, which caused the staff to throw themselves to the floor inside the area, then proceeded to leave the work area by his own means through the ladder. Apparently the loud sound would correspond to an electrical discharge in the cable guard that passes over the old towers.",IV,Electrical Shock,Mining,Country_01,Yes,ihm_stefanini_kaggle_cc0,derived: Potential Accident Level >= IV,ihm_00359
"At the end of the concreting activity, the employee turned off the concrete, and when rolling the handle to make the return of the equipment warehouse the same bumped the tip of the mangote in the inferior lip causing hematoma.",II,Others,Mining,Country_02,No,ihm_stefanini_kaggle_cc0,derived: Potential Accident Level >= IV,ihm_00361
"During the marking of the management points, the supervision and the breeders enter the work to carry out the ventilation inspection, for which the surveying work stops to turn on the fan and proceed with the air flow measurements. When the fan is turned on due to pressure, it breaks the fastening points of the toe and the sleeve falls to the floor generating a chicoteo from gable to gable, product of the chicoteo a fragment of the aggregate of the shocrete is projected on the face of the injured person producing the injury.",II,Others,Mining,Country_01,No,ihm_stefanini_kaggle_cc0,derived: Potential Accident Level >= IV,ihm_00362
"In moments that Mr. William carried out the inspection of the cut of the Block 781 Level 1850 OB6A, so that the loading platform could be realized, in instants that observed the drills positive radial ones that were covered and shotcreteados, he hears a noise from the upper part of the pit (detachments of banks at the center of the pit), to which Mr. William goes back to leave work, but his metatarsal boots makes contact with a rock that was on the floor which causes it to lose balance and stumble on the gable.",III,Others,Mining,Country_01,No,ihm_stefanini_kaggle_cc0,derived: Potential Accident Level >= IV,ihm_00364
"During the execution of the soil sampling task, in the Potions area, around 3:00 pm Pablo was moving on the bite and was bitten by a right elbow wasp over the sleeve uniform. He was using at the time of the incident all the PPE needed for the activity. The employee was evaluated by the team who found it to be a mild injury with localized swelling. The employee reported that he did not feel any pain and that he could continue the activity.",I,Venomous Animals,Others,Country_03,No,ihm_stefanini_kaggle_cc0,derived: Potential Accident Level >= IV,ihm_00367
"ACTIVITY: front sanitation (slaughter of choco with scaller) LOCAL: underground mine, level 350 - front 45 Upper JKA The operator performed front sanitation when a rock block from the roof hit the equipment. The accident victim was promptly rescued by the unit's emergency brigade and transported to the outpatient clinic where he received the first care, and was then transferred to the Municipal of Paracatu.",V,remains of choco,Mining,Country_02,Yes,ihm_stefanini_kaggle_cc0,derived: Potential Accident Level >= IV,ihm_00368
"When performing shotcrete casting for resane on Cruise 791 Nv. 1940 at 02:50 p.m. approximately, the operator was placed on the left side of the equipment and started the release of 02 cubic meters, at that time decided to paralyze the task for a few minutes due to a leak of water in the roof box that did not allow the adhesion of the shotcrete to the rock (setting). When restarting the shotcrete launch the operator that was on the left side moved to the right side of the equipment, while the assistant and the operator mixkret to see that there was no pumping went to verify what happened and when they returned they realized that the operator was not, so they assume that he had fallen down the chimney, they left the job to ask for help immediately. The emergency response brigade and the medical service are activated, who verify the death of the collaborator. The accident investigation begins.",V,Fall,Mining,Country_01,Yes,ihm_stefanini_kaggle_cc0,derived: Potential Accident Level >= IV,ihm_00377
"The maid was handling a pipette for sample preparation for chemical analysis, while trying to place it on the three-way pear, the pipette came to break causing a superficial cut in her right hand.",III,Cut,Metals,Country_02,No,ihm_stefanini_kaggle_cc0,derived: Potential Accident Level >= IV,ihm_00378
"The employee, as he passed the corner of the front door for not seeing the virdro, had a slight swelling in the frontal region due to the closing of the glass door.",I,Others,Others,Country_02,No,ihm_stefanini_kaggle_cc0,derived: Potential Accident Level >= IV,ihm_00380
"In moments when the 02 collaborators carried out the inspection of the conveyor belt No. 3 from the tail pulley when they were at the height of the load polymer No. 372, the Maslucan collaborator heard a noise where note that the belt was moving towards the tail pulley, 4 ""fragmentos mineral fragments are projected towards the access of the ramp impacting the 2 collaborators, being evacuated to the medical post.",IV,Projection of fragments,Mining,Country_01,Yes,ihm_stefanini_kaggle_cc0,derived: Potential Accident Level >= IV,ihm_00384
"In circumstances that the worker was walking along the straight line of level 2790, step on a rock of approximately 10 cm x 5 cm, bending the right ankle, which caused the injury described. After the event occurred, the worker decided not to report the accident because he did not feel pain, at 3:30 p.m. approximately, he begins to feel discomfort when walking and progressive mild pain in the ankle, in that moment he communicates the event.",IV,Others,Mining,Country_01,Yes,ihm_stefanini_kaggle_cc0,derived: Potential Accident Level >= IV,ihm_00385
"Upon entering the building, the maid slipped and fell just behind the automatic door, in front of the entry mat. The floor was wet and slippery.",II,Others,Others,Country_02,No,ihm_stefanini_kaggle_cc0,derived: Potential Accident Level >= IV,ihm_00386
Employee reports that when trying to unlock a cathodic sheet with the digger the same did not realize that the blade was pressed so that the cable projected and hit his face.,IV,Others,Metals,Country_02,Yes,ihm_stefanini_kaggle_cc0,derived: Potential Accident Level >= IV,ihm_00387
"Mr. Emerson was moving trays; when climbing the staircase that gives access to the former dining room and finding himself on the last step, he slips and falls to the floor; supporting the body forward, suffering blows to the right knee with the floor, as well as in the nose with the metal trays it was carrying, causing a cut in the nose and ematoma in the knee.",III,Fall,Metals,Country_01,No,ihm_stefanini_kaggle_cc0,derived: Potential Accident Level >= IV,ihm_00389
"In circumstances that the worker prepared food in the electric pot, by not ensuring the lid falls on his head causing the injury described.",II,Others,Mining,Country_01,No,ihm_stefanini_kaggle_cc0,derived: Potential Accident Level >= IV,ihm_00390
"In circumstances where the worker and two partners were placing a killer bomb in the basket of a Manitou team, the bomb hits the index finger of the right hand against the basket.",II,Pressed,Mining,Country_01,No,ihm_stefanini_kaggle_cc0,derived: Potential Accident Level >= IV,ihm_00391
"Approx. 18:40 hours, Mr. Luis maintenance team of mobile equipment, adjusted a bolt of the front loader J005A, at which time his face is impacted by the key used for this activity, producing a slight cut in the surface of the face. He is transferred to the medical service, attended and registered.",II,Cut,Metals,Country_01,No,ihm_stefanini_kaggle_cc0,derived: Potential Accident Level >= IV,ihm_00392
"The employee performed insertion and adjustment of the joint in the blind flange of a 54 ""tubing, when one of the wedges shifted, causing movement in the flange, causing the 3rd and 4th fingers of the left hand to be pressed.",IV,Pressed,Mining,Country_02,Yes,ihm_stefanini_kaggle_cc0,derived: Potential Accident Level >= IV,ihm_00394
"The convoy of the locomotive 15 operated by Mr. Tito is located in hopper OP2 positioning the 1st car under the hopper, the assistant does not observe anything out of the ordinary (dry load there is no presence of water) and initiates the chute, for this, the hydraulic module of the hopper is switched on and with the controls it slightly moves the hopper handle and an untimely flow of water and mud splashes the operator generating the described injury, in addition the collaborator was 7 meters from the line of fire",IV,Projection,Mining,Country_01,Yes,ihm_stefanini_kaggle_cc0,derived: Potential Accident Level >= IV,ihm_00395
"When the Master additive was taken from the AFO-755 license plate towards the launching team No. 26, the collaborator Bonifacio (robot assistant) at the moment he received the bucket emptiness of the operator Enoc feels that he drops a drop of additive in the right eye, feeling a burning sensation, so he immediately goes to wash the affected eye in the team's eyes, then the collaborator is evacuated to NATCLAR. At the time of the accident, the employee had glasses, but he was not using them correctly.",IV,Projection,Mining,Country_01,Yes,ihm_stefanini_kaggle_cc0,derived: Potential Accident Level >= IV,ihm_00396
"Being 9:40 a.m. The driver of the AEQ-819 plate dump truck (35 Ton) was heading to the loading area Nv.1850, OB5, Tj 007, Bp.105, parking and proceeding with the ore loading with the scoop (11 ydrs) , at that moment, lift the first scoop towards the hopper and a large bank falls, causing the tipper to shake violently and the operator to be hit with the gear lever, communicate with the supervisor and evacuated to the medical center .",IV,remains of choco,Mining,Country_01,Yes,ihm_stefanini_kaggle_cc0,derived: Potential Accident Level >= IV,ihm_00397
"In circumstance, the AHK-903 license plate (Empresa which serves the supervision of CMA, carried out the field inspections in the upper bank 4288, when unexpectedly when climbing through the operational access (positive ramp), It slides in an excavated area of ​​approximately 3 meters high, remaining in position with the front part on the floor. The occupants of the vehicle made use of the safety belt and all the complete epps.",IV,Others,Mining,Country_01,Yes,ihm_stefanini_kaggle_cc0,derived: Potential Accident Level >= IV,ihm_00399
"On the surface, Comedor the worker of the company C & C made the cut of lemon at that time imprisoned the knife generating a movement and impacting on the first finger of the left hand causing a slight cut.",II,Cut,Mining,Country_01,No,ihm_stefanini_kaggle_cc0,derived: Potential Accident Level >= IV,ihm_00400
"Employee reports that by removing the zinc sheet from the cathode to take it to the easel, it slipped from his hand, fell and hit his left foot.",II,Others,Metals,Country_02,No,ihm_stefanini_kaggle_cc0,derived: Potential Accident Level >= IV,ihm_00401
"During the execution of the task of assembling the box of testimony boxes, in the area of ​​Bonsucesso, around 10:40 am Orlando research driller - GEOSOL, trying to fit two parts of the trestles, a third piece fell on his hand, which was on the piece he held, causing a small trauma to his left thumb. The employee was referred to São Lucas hospital - Paracatu LTDA and attended and released without leaving work soon after.",IV,Others,Others,Country_03,Yes,ihm_stefanini_kaggle_cc0,derived: Potential Accident Level >= IV,ihm_00402
"During the field activity in the AMG project, target São Luiz, the reconnaissance team was boarding the car, which was parked with the windows closed. When they entered the Mr. Paulo putting the seat belt inside the vehicle, pressed a wasp between the shoulder and the neck, causing a sting. It is believed that, possibly, the bee was nailed to the clothes because the car was properly closed.",I,Venomous Animals,Others,Country_03,No,ihm_stefanini_kaggle_cc0,derived: Potential Accident Level >= IV,ihm_00404
"After maintenance on Boltec 03 at level 285 GTS of Rampa XXX, the mechanic and operator of the equipment performed tests on the equipment magazine. When the magazine carousel was turned on, the operator had his left middle finger pressed against the equipment frame.",III,Pressed,Mining,Country_02,No,ihm_stefanini_kaggle_cc0,derived: Potential Accident Level >= IV,ihm_00405
"Being approximately 5:00 a.m. approximately, when lifting the Kelly HQ towards the pulley of the frame to align it, the assistant Marco that is in the later one is struck the hand against the frame generating the injury.",III,Others,Mining,Country_01,No,ihm_stefanini_kaggle_cc0,derived: Potential Accident Level >= IV,ihm_00406
"The collaborator moved from the infrastructure office (Julio to the toilets, when the pin of the right shoe is hooked on the bra of the left shoe causing not to take the step and fall untimely, causing injury described.",II,Others,Mining,Country_01,No,ihm_stefanini_kaggle_cc0,derived: Potential Accident Level >= IV,ihm_00407
"The Employee performed the activity of stripping cathodes, when pulling the cathode sheet his hand hit the side of another cathode, causing a blunt cut on his 2nd finger of the left hand.",II,Cut,Metals,Country_02,No,ihm_stefanini_kaggle_cc0,derived: Potential Accident Level >= IV,ihm_00409
